{
    "calibration_date": "2025-11-16T21:11:03.815533Z",
    "camera_index": 0,
    "calibration_offsets": {
        "yaw": 1.7110845641456314,
        "pitch": 7.143108009994569
    },
    "monitor_plane": {
        "corners": [
            [
                1451.262819303534,
                178.16611030005083,
                1608.5335749598653
            ],
            [
                -403.71871358574634,
                178.16611030005083,
                1515.6278981018008
            ],
            [
                -369.60583088592153,
                -855.3129065609708,
                834.5202458916265
            ],
            [
                1485.3757020033586,
                -855.3129065609708,
                927.4259227496909
            ]
        ],
        "center": [
            540.8284942088061,
            -338.57339813045996,
            1221.5269104257459
        ],
        "normal": [
            -0.04175110280524636,
            -0.550766387254583,
            0.8336145572655748
        ],
        "units_per_cm": 30.955110653982057
    },
    "left_sphere_local_offset": [
        -62.154930110356574,
        83.07198426777325,
        -143.82634434417858
    ],
    "right_sphere_local_offset": [
        -59.12592763878213,
        -90.29249706729306,
        -142.69825420497773
    ],
    "left_calibration_nose_scale": 56.66638676125908,
    "right_calibration_nose_scale": 56.66638676125908,
    "monitor_index": 0
}