{
    "calibration_date": "2025-11-19T12:13:32.181219Z",
    "camera_index": 0,
    "calibration_offsets": {
        "yaw": -1.9911031733547886,
        "pitch": -0.44948870875565394
    },
    "ear_thresholds": {
        "left": 0.2754222670748533,
        "right": 0.1690946300463629
    },
    "monitor_plane": {
        "corners": [
            [
                1452.1490259296947,
                145.2915991718496,
                1532.8554564008691
            ],
            [
                -333.0212994743806,
                145.2915991718496,
                1466.0581326579982
            ],
            [
                -307.9734494948136,
                -839.4005066919528,
                796.6498990164764
            ],
            [
                1477.196875909262,
                -839.4005066919528,
                863.4472227593474
            ]
        ],
        "center": [
            572.0877882174407,
            -347.0544537600516,
            1164.7526777086728
        ],
        "normal": [
            -0.030916037785499915,
            -0.5624742553518964,
            0.8262365936425082
        ],
        "units_per_cm": 29.773659934254262
    },
    "left_sphere_local_offset": [
        60.86600733132576,
        -75.68034731752182,
        -139.4915105266877
    ],
    "right_sphere_local_offset": [
        55.29611176317513,
        87.26871478778835,
        -135.9459572594686
    ],
    "left_calibration_nose_scale": 53.40821916863747,
    "right_calibration_nose_scale": 53.40821916863747,
    "monitor_index": 0
}