{
    "calibration_date": "2025-11-19T13:33:15.884699Z",
    "camera_index": 0,
    "calibration_offsets": {
        "yaw": -7.553716105114866,
        "pitch": -3.03817903276021
    },
    "ear_thresholds": {
        "left": 0.255255510703896,
        "right": 0.1332566281684365
    },
    "monitor_plane": {
        "corners": [
            [
                1402.954474621334,
                295.5218251771562,
                1511.0000003402602
            ],
            [
                -318.3962352458061,
                295.5218251771562,
                1439.2493463583637
            ],
            [
                -297.6742689569678,
                -739.6717138364736,
                942.1142067938572
            ],
            [
                1423.6764409101722,
                -739.6717138364736,
                1013.8648607757536
            ]
        ],
        "center": [
            552.6401028321831,
            -222.0749443296587,
            1226.5571035670587
        ],
        "normal": [
            -0.037535831243964535,
            -0.4332078897847211,
            0.900512067437796
        ],
        "units_per_cm": 28.714090727538487
    },
    "left_sphere_local_offset": [
        -52.62174390652701,
        78.06728255638076,
        -132.5028235340635
    ],
    "right_sphere_local_offset": [
        -48.570693959330065,
        -82.23863663077135,
        -130.7732452949952
    ],
    "left_calibration_nose_scale": 51.48272556525891,
    "right_calibration_nose_scale": 51.48272556525891,
    "monitor_index": 0
}