{
    "calibration_date": "2025-11-05T02:08:40.768581Z",
    "camera_index": 0,
    "calibration_offsets": {
        "yaw": 0,
        "pitch": 0
    },
    "monitor_plane": {
        "corners": [
            [
                1433.4206147660025,
                240.6807999970672,
                1472.1931167547464
            ],
            [
                -254.76642118451372,
                240.6807999970672,
                1409.5234827444056
            ],
            [
                -235.16549164041186,
                -753.9172206667242,
                881.5160087663043
            ],
            [
                1453.0215443101042,
                -753.9172206667242,
                944.1856427766451
            ]
        ],
        "center": [
            599.1275615627953,
            -256.6182103348285,
            1176.8545627605254
        ],
        "normal": [
            -0.03276097415118757,
            -0.4691489706465506,
            0.8825111670194021
        ],
        "units_per_cm": 28.155831009386368
    },
    "left_sphere_local_offset": [
        -52.962876065865004,
        75.28894888575181,
        -133.33750722284725
    ],
    "right_sphere_local_offset": [
        -48.18319904036055,
        -83.8657400365661,
        -130.20033951406012
    ],
    "left_calibration_nose_scale": 51.617489133766476,
    "right_calibration_nose_scale": 51.617489133766476,
    "monitor_index": 0
}