{
    "calibration_date": "2025-11-16T20:41:43.795755Z",
    "camera_index": 0,
    "calibration_offsets": {
        "yaw": 0.5359810403359656,
        "pitch": -1.206801449642536
    },
    "monitor_plane": {
        "corners": [
            [
                1529.485640091206,
                41.689517943251246,
                1558.8154928906608
            ],
            [
                -343.0972503264984,
                41.689517943251246,
                1524.717388442795
            ],
            [
                -328.9133584299302,
                -934.0337607061347,
                745.7734056282172
            ],
            [
                1543.6695319877742,
                -934.0337607061347,
                779.871510076083
            ]
        ],
        "center": [
            600.2861408306379,
            -446.1721213814417,
            1152.294449259439
        ],
        "normal": [
            -0.01422728671404966,
            -0.6239595475490504,
            0.7813271180082901
        ],
        "units_per_cm": 31.21488855151692
    },
    "left_sphere_local_offset": [
        -65.08024924676849,
        79.53098043413273,
        -147.79496707780615
    ],
    "right_sphere_local_offset": [
        -59.592094364532535,
        -94.14604563987056,
        -144.92583775331647
    ],
    "left_calibration_nose_scale": 56.862664013861874,
    "right_calibration_nose_scale": 56.862664013861874,
    "monitor_index": 0
}