{
    "calibration_date": "2025-11-19T13:40:19.165589Z",
    "camera_index": 0,
    "calibration_offsets": {
        "yaw": -0.35755149875983855,
        "pitch": 1.0042124482255843
    },
    "ear_thresholds": {
        "left": 0.2649204811689015,
        "right": 0.13122440526949541
    },
    "monitor_plane": {
        "corners": [
            [
                1400.9052540311852,
                241.76008245503465,
                1502.7749272593317
            ],
            [
                -308.4437415435812,
                241.76008245503465,
                1421.5748930957445
            ],
            [
                -283.9375533063698,
                -775.4942561900331,
                905.6929888560041
            ],
            [
                1425.4114422683967,
                -775.4942561900331,
                986.8930230195913
            ]
        ],
        "center": [
            558.4838503624078,
            -266.8670868674992,
            1204.233958057668
        ],
        "normal": [
            -0.042309376230305715,
            -0.4527003307042613,
            0.8906583661894468
        ],
        "units_per_cm": 28.521275851094426
    },
    "left_sphere_local_offset": [
        -49.942854634724654,
        75.48741478956917,
        -131.51662100334457
    ],
    "right_sphere_local_offset": [
        -44.057929643655946,
        -83.19951952411951,
        -128.72217585806675
    ],
    "left_calibration_nose_scale": 51.00882693294568,
    "right_calibration_nose_scale": 51.00882693294568,
    "monitor_index": 0
}