{
    "calibration_date": "2025-11-05T00:11:54.152246Z",
    "camera_index": 0,
    "calibration_offsets": {
        "yaw": 0,
        "pitch": 0
    },
    "monitor_plane": {
        "corners": [
            [
                1353.6031015510903,
                219.2575610090223,
                1308.1047182933266
            ],
            [
                -157.50069764658159,
                219.2575610090223,
                1271.7730442228085
            ],
            [
                -146.30990171750406,
                -674.4318437833003,
                806.3264421297572
            ],
            [
                1364.7938974801677,
                -674.4318437833003,
                842.6581162002753
            ]
        ],
        "center": [
            603.6465999167931,
            -227.587141387139,
            1057.215580211542
        ],
        "normal": [
            -0.021316882984122945,
            -0.46202643578291236,
            0.8866099261442878
        ],
        "units_per_cm": 25.192341663112376
    },
    "left_sphere_local_offset": [
        -45.80456510941787,
        68.96917079202487,
        -122.11099925180383
    ],
    "right_sphere_local_offset": [
        -44.26988460846659,
        -74.09934586879864,
        -120.5009522026225
    ],
    "left_calibration_nose_scale": 46.280727150027474,
    "right_calibration_nose_scale": 46.280727150027474,
    "monitor_index": 0
}