{
    "calibration_date": "2025-11-05T01:11:58.874450Z",
    "camera_index": 0,
    "calibration_offsets": {
        "yaw": 0,
        "pitch": 0
    },
    "monitor_plane": {
        "corners": [
            [
                -137.73652072192732,
                1416.7935900508676,
                -944.0906181422481
            ],
            [
                1381.469444928203,
                1416.7935900508676,
                -893.4793072448581
            ],
            [
                1397.905260347963,
                531.7850236809279,
                -1386.8352072065697
            ],
            [
                -121.30070530216737,
                531.7850236809279,
                -1437.4465181039598
            ]
        ],
        "center": [
            630.0843698130178,
            974.2893068658977,
            -1165.462912674409
        ],
        "normal": [
            0.029078451348244695,
            0.48711884098331304,
            -0.8728514629799627
        ],
        "units_per_cm": 25.334146208795115
    },
    "left_sphere_local_offset": [
        45.38177396909062,
        69.47041781582419,
        123.25765512018219
    ],
    "right_sphere_local_offset": [
        43.565495198280594,
        -75.87308399063757,
        121.83628507135563
    ],
    "left_calibration_nose_scale": 46.47741422425048,
    "right_calibration_nose_scale": 46.47741422425048,
    "monitor_index": 0
}