{
    "calibration_date": "2025-11-05T01:24:28.246919Z",
    "camera_index": 0,
    "calibration_offsets": {
        "yaw": 0,
        "pitch": 0
    },
    "monitor_plane": {
        "corners": [
            [
                1324.8748571430676,
                241.2770177356909,
                1255.5755821804069
            ],
            [
                -120.23713164091282,
                241.2770177356909,
                1220.0932345316673
            ],
            [
                -109.80936381253036,
                -623.7299995763015,
                795.3949464073559
            ],
            [
                1335.30262497145,
                -623.7299995763015,
                830.8772940560954
            ]
        ],
        "center": [
            607.5327466652686,
            -191.2264909203053,
            1025.4852642938813
        ],
        "normal": [
            -0.022032231437007194,
            -0.4408291097808993,
            0.8973206086721099
        ],
        "units_per_cm": 24.092458808183764
    },
    "left_sphere_local_offset": [
        47.11707027633781,
        -65.46427526175414,
        -114.82040237262032
    ],
    "right_sphere_local_offset": [
        45.528308647342065,
        69.25356245535684,
        -113.81180895518753
    ],
    "left_calibration_nose_scale": 43.58394996770756,
    "right_calibration_nose_scale": 43.58394996770756,
    "monitor_index": 0
}