{
    "calibration_date": "2025-11-05T02:20:39.598765Z",
    "camera_index": 0,
    "calibration_offsets": {
        "yaw": 0,
        "pitch": 0
    },
    "monitor_plane": {
        "corners": [
            [
                1332.8334150735163,
                260.79179355277756,
                1265.198183875233
            ],
            [
                -137.63927487733838,
                260.79179355277756,
                1242.1801676625623
            ],
            [
                -130.29681255225512,
                -600.1260892903988,
                773.117576591637
            ],
            [
                1340.1758773985998,
                -600.1260892903988,
                796.135592804308
            ]
        ],
        "center": [
            601.2683012606307,
            -169.66714786881062,
            1019.1578802334351
        ],
        "normal": [
            -0.013743601378345087,
            -0.4784814370991216,
            0.8779901057373667
        ],
        "units_per_cm": 24.510880582614032
    },
    "left_sphere_local_offset": [
        -44.560006181876275,
        65.4932525971304,
        -118.43088940908149
    ],
    "right_sphere_local_offset": [
        -39.39423946207729,
        -72.68090496072797,
        -115.30717399162474
    ],
    "left_calibration_nose_scale": 44.66970506402297,
    "right_calibration_nose_scale": 44.66970506402297,
    "monitor_index": 0
}