{
    "calibration_date": "2025-11-19T12:21:09.369601Z",
    "camera_index": 0,
    "calibration_offsets": {
        "yaw": 0.33868496285654304,
        "pitch": -3.5035891414305405
    },
    "ear_thresholds": {
        "left": 0.2472125498402938,
        "right": 0.1313194740601638
    },
    "monitor_plane": {
        "corners": [
            [
                1438.5000276428634,
                153.1196402237549,
                1484.0531909175293
            ],
            [
                -293.9320698538029,
                153.1196402237549,
                1431.876675741893
            ],
            [
                -274.8168077767716,
                -812.2476742275503,
                797.1870368720806
            ],
            [
                1457.6152897198947,
                -812.2476742275503,
                849.3635520477169
            ]
        ],
        "center": [
            581.8416099330459,
            -329.5640170018977,
            1140.620113894805
        ],
        "normal": [
            -0.025150853146719308,
            -0.5495363764779985,
            0.8350911348550072
        ],
        "units_per_cm": 28.88696053960335
    },
    "left_sphere_local_offset": [
        55.766516050762085,
        -75.25076443739633,
        -138.16449932526956
    ],
    "right_sphere_local_offset": [
        50.98490082277286,
        86.80122723380195,
        -135.13229733047447
    ],
    "left_calibration_nose_scale": 52.69340451726247,
    "right_calibration_nose_scale": 52.69340451726247,
    "monitor_index": 0
}