{
    "calibration_date": "2025-11-19T11:04:01.658429Z",
    "camera_index": 0,
    "calibration_offsets": {
        "yaw": -0.8424332538941403,
        "pitch": -2.423930425468934
    },
    "monitor_plane": {
        "corners": [
            [
                1345.0767665819587,
                117.91439395646,
                1408.3146670604215
            ],
            [
                -283.2361976714377,
                117.91439395646,
                1333.6446115647836
            ],
            [
                -256.5324426828346,
                -799.1824295176694,
                751.3218832158155
            ],
            [
                1371.7805215705619,
                -799.1824295176694,
                825.9919387114534
            ]
        ],
        "center": [
            544.272161949562,
            -340.6340177806047,
            1079.8182751381185
        ],
        "normal": [
            -0.03866026660992206,
            -0.5364350163792442,
            0.8430556654147161
        ],
        "units_per_cm": 27.16706915218057
    },
    "left_sphere_local_offset": [
        35.65432505492891,
        -81.95471463213957,
        -127.24636686156958
    ],
    "right_sphere_local_offset": [
        32.00438051880642,
        78.71341957519329,
        -127.89640798044032
    ],
    "left_calibration_nose_scale": 49.07766676776787,
    "right_calibration_nose_scale": 49.07766676776787,
    "monitor_index": 0
}