{
    "calibration_date": "2025-11-19T12:26:08.629453Z",
    "camera_index": 0,
    "calibration_offsets": {
        "yaw": -1.6229869277339948,
        "pitch": -8.929557245095403
    },
    "ear_thresholds": {
        "left": 0.21828486110511092,
        "right": 0.14432799904435178
    },
    "monitor_plane": {
        "corners": [
            [
                1244.1617302352026,
                288.4748023204249,
                1308.5133181726246
            ],
            [
                -274.41431422855806,
                288.4748023204249,
                1245.2631622940296
            ],
            [
                -251.48887267151383,
                -561.9450196431799,
                694.8451297423796
            ],
            [
                1267.087171792247,
                -561.9450196431799,
                758.0952856209747
            ]
        ],
        "center": [
            496.33642878184446,
            -136.73510866137747,
            1001.6792239575021
        ],
        "normal": [
            -0.03492692739688639,
            -0.5436850205899533,
            0.8385622851814376
        ],
        "units_per_cm": 25.33154481100685
    },
    "left_sphere_local_offset": [
        -33.48222065604676,
        76.34064752798758,
        -119.36829137861592
    ],
    "right_sphere_local_offset": [
        -31.34851134592233,
        -72.04581481325454,
        -119.67751783430113
    ],
    "left_calibration_nose_scale": 45.750552099354145,
    "right_calibration_nose_scale": 45.750552099354145,
    "monitor_index": 0
}