{
    "calibration_date": "2025-11-19T13:36:58.420821Z",
    "camera_index": 0,
    "calibration_offsets": {
        "yaw": -1.944680232279842,
        "pitch": 0.27218567014107076
    },
    "ear_thresholds": {
        "left": 0.2598078005373812,
        "right": 0.1249266723750249
    },
    "monitor_plane": {
        "corners": [
            [
                1400.3263480089333,
                284.8745151050685,
                1483.3792318149613
            ],
            [
                -299.78404902383494,
                284.8745151050685,
                1428.6669523998107
            ],
            [
                -283.737834976286,
                -733.4907413854348,
                930.052461706578
            ],
            [
                1416.3725620564821,
                -733.4907413854348,
                984.7647411217285
            ]
        ],
        "center": [
            558.2942565163237,
            -224.3081131401832,
            1206.7158467607696
        ],
        "normal": [
            -0.028885231199245374,
            -0.4399253934316283,
            0.8975696572593089
        ],
        "units_per_cm": 28.349842227780474
    },
    "left_sphere_local_offset": [
        -51.072089829175894,
        77.0259999270727,
        -131.03074194861975
    ],
    "right_sphere_local_offset": [
        -47.224556342580435,
        -81.36216177804455,
        -129.4690529160077
    ],
    "left_calibration_nose_scale": 50.74852017028316,
    "right_calibration_nose_scale": 50.74852017028316,
    "monitor_index": 0
}