{
    "calibration_date": "2025-11-05T00:00:44.127829Z",
    "camera_index": 0,
    "calibration_offsets": {
        "yaw": 0,
        "pitch": 0
    },
    "monitor_plane": {
        "corners": [
            [
                1292.2969953765642,
                266.094864019905,
                1239.9127994360667
            ],
            [
                -124.27812705447883,
                266.094864019905,
                1186.9967724439498
            ],
            [
                -109.57423688464627,
                -592.943135179021,
                793.3699980709207
            ],
            [
                1307.0008855463966,
                -592.943135179021,
                846.2860250630376
            ]
        ],
        "center": [
            591.3613792459589,
            -163.42413557955803,
            1016.6413987534937
        ],
        "normal": [
            -0.033931734070131205,
            -0.4168082240183393,
            0.9083609083473769
        ],
        "units_per_cm": 23.6260519072554
    },
    "left_sphere_local_offset": [
        42.30784020248474,
        -64.48369119638814,
        -115.54339630663162
    ],
    "right_sphere_local_offset": [
        38.288743699970695,
        69.59400408505661,
        -114.59981818293429
    ],
    "left_calibration_nose_scale": 43.321599727731005,
    "right_calibration_nose_scale": 43.321599727731005,
    "monitor_index": 0
}