{
    "calibration_date": "2025-11-05T01:26:44.530860Z",
    "camera_index": 0,
    "calibration_offsets": {
        "yaw": -6.57681423246953,
        "pitch": -5.519589427376843
    },
    "monitor_plane": {
        "corners": [
            [
                1316.7513916938005,
                220.74468553676303,
                1244.4167341703146
            ],
            [
                -122.89200507119195,
                220.74468553676303,
                1204.2244472417003
            ],
            [
                -109.83640164582339,
                -617.7101187654548,
                736.5871292782599
            ],
            [
                1329.8069951191692,
                -617.7101187654548,
                776.7794162068742
            ]
        ],
        "center": [
            603.4574950239886,
            -198.48271661434592,
            990.5019317242873
        ],
        "normal": [
            -0.024370554233875994,
            -0.4872428671015596,
            0.8729263786511356
        ],
        "units_per_cm": 24.00340560202024
    },
    "left_sphere_local_offset": [
        -41.041291236432066,
        64.98452749903599,
        -118.52013010169402
    ],
    "right_sphere_local_offset": [
        -38.612544364749056,
        -70.49368385352267,
        -116.66106441963835
    ],
    "left_calibration_nose_scale": 44.03993732433205,
    "right_calibration_nose_scale": 44.03993732433205,
    "monitor_index": 0
}