{
    "calibration_date": "2025-11-05T02:14:15.749893Z",
    "camera_index": 0,
    "calibration_offsets": {
        "yaw": 0,
        "pitch": 0
    },
    "monitor_plane": {
        "corners": [
            [
                1365.165552597421,
                176.52199050511314,
                1399.9774421109685
            ],
            [
                -250.30062521291106,
                176.52199050511314,
                1337.8777451065064
            ],
            [
                -228.84675157210782,
                -745.2456083837901,
                779.7750663246131
            ],
            [
                1386.6194262382242,
                -745.2456083837901,
                841.8747633290752
            ]
        ],
        "center": [
            568.1594005126566,
            -284.3618089393385,
            1089.8762542177908
        ],
        "normal": [
            -0.03285225305745756,
            -0.5182120361506154,
            0.8546209762565404
        ],
        "units_per_cm": 26.944321933403916
    },
    "left_sphere_local_offset": [
        -50.63941825360048,
        71.97151945791647,
        -128.52178693999923
    ],
    "right_sphere_local_offset": [
        -46.49634672598881,
        -78.96040071933304,
        -124.853320391992
    ],
    "left_calibration_nose_scale": 49.268344616404725,
    "right_calibration_nose_scale": 49.268344616404725,
    "monitor_index": 0
}