{
    "calibration_date": "2025-11-05T00:15:35.539525Z",
    "camera_index": 0,
    "calibration_offsets": {
        "yaw": 0,
        "pitch": 0
    },
    "monitor_plane": {
        "corners": [
            [
                1323.6424221524362,
                225.17018431069704,
                1256.5338678937687
            ],
            [
                -127.1223735582506,
                225.17018431069704,
                1222.0649265381476
            ],
            [
                -116.77541336097228,
                -638.656590739391,
                786.571261619334
            ],
            [
                1333.9893823497146,
                -638.656590739391,
                821.0402029749552
            ]
        ],
        "center": [
            603.433504395732,
            -206.74320321434698,
            1021.5525647565514
        ],
        "normal": [
            -0.02120834400868057,
            -0.4502731929091912,
            0.8926389280620534
        ],
        "units_per_cm": 24.186236905844964
    },
    "left_sphere_local_offset": [
        42.222901767491166,
        -64.79190007183827,
        -118.85262269547944
    ],
    "right_sphere_local_offset": [
        40.406904058132056,
        71.1196201132622,
        -117.22548913753177
    ],
    "left_calibration_nose_scale": 44.62959619975678,
    "right_calibration_nose_scale": 44.62959619975678,
    "monitor_index": 0
}