{
    "calibration_date": "2025-10-11T17:11:44.371089Z",
    "camera_index": 0,
    "calibration_offsets": {
        "yaw": -4.206699530028354,
        "pitch": -2.4137403007077505
    },
    "monitor_plane": {
        "corners": [
            