{
    "calibration_date": "2025-10-27T12:05:42.421980Z",
    "camera_index": 0,
    "calibration_offsets": {
        "yaw": -0.5607402157334295,
        "pitch": -9.189104964401636
    },
    "monitor_plane": {
        "corners": [
            [
                -35.372316876861504,
                1109.2945164957355,
                -965.7829571640798
            ],
            [
                1293.5238585914492,
                1109.2945164957355,
                -931.122946890888
            ],
            [
                1301.199537019398,
                273.3876416715785,
                -1225.4154074708833
            ],
            [
                -27.696638448912868,
                273.3876416715785,
                -1260.0754177440751
            ]
        ],
        "center": [
            632.9136100712682,
            691.341079083657,
            -1095.5991823174816
        ],
        "normal": [
            0.024592371271281433,
            0.332184484068488,
            -0.9428937807724729
        ],
        "units_per_cm": 22.15580160721759
    },
    "left_sphere_local_offset": [
        -36.28349630410748,
        -57.30450091504863,
        104.67456048478809
    ],
    "right_sphere_local_offset": [
        -31.045678398133717,
        63.51264089903031,
        102.91351456324693
    ],
    "left_calibration_nose_scale": 39.43864024910133,
    "right_calibration_nose_scale": 39.43864024910133,
    "monitor_index": 0
}