{
    "calibration_date": "2025-10-27T11:04:11.374902Z",
    "camera_index": 0,
    "calibration_offsets": {
        "yaw": -0.1352112007975336,
        "pitch": -1.5605435028506134
    },
    "monitor_plane": {
        "corners": [
            [
                1371.161065116228,
                255.9333092879172,
                1480.9209440643376
            ],
            [
                -317.8129462217528,
                255.9333092879172,
                1400.136019784809
            ],
            [
                -291.93431645265423,
                -732.6704546113851,
                859.0903541627548
            ],
            [
                1397.0396948853265,
                -732.6704546113851,
                939.8752784422835
            ]
        ],
        "center": [
            539.6133743317869,
            -238.368572661734,
            1170.0056491135463
        ],
        "normal": [
            -0.04189917482974844,
            -0.48050976046605126,
            0.8759879150110715
        ],
        "units_per_cm": 28.18174850152961
    },
    "left_sphere_local_offset": [
        -49.76079877828893,
        73.34991999999474,
        -130.5267199580595
    ],
    "right_sphere_local_offset": [
        -43.88914570928711,
        -81.58087819803222,
        -127.02811765836364
    ],
    "left_calibration_nose_scale": 50.4732773846679,
    "right_calibration_nose_scale": 50.4732773846679,
    "monitor_index": 0
}