{
    "calibration_date": "2025-10-26T20:21:38.829050Z",
    "camera_index": 0,
    "calibration_offsets": {
        "yaw": -0.1352112007975336,
        "pitch": -1.5605435028506134
    },
    "monitor_plane": {
        "corners": [
            [
                1374.2616018966992,
                290.56651056553653,
                1451.4761252438282
            ],
            [
                -274.269420450392,
                290.56651056553653,
                1373.9835650180446
            ],
            [
                -251.1794996737534,
                -693.6608378458724,
                882.7822084888464
            ],
            [
                1397.351522673338,
                -693.6608378458724,
                960.27476871463
            ]
        ],
        "center": [
            561.5410511114729,
            -201.54716364016792,
            1167.1291668663373
        ],
        "normal": [
            -0.04200431077954947,
            -0.4469445973833653,
            0.8935749340406525
        ],
        "units_per_cm": 27.505856086261087
    },
    "left_sphere_local_offset": [
        -51.05875641218662,
        69.83777911535739,
        -126.2939092604933
    ],
    "right_sphere_local_offset": [
        -44.98271983780255,
        -81.59378793124118,
        -122.9797463437699
    ],
    "left_calibration_nose_scale": 48.721921247176766,
    "right_calibration_nose_scale": 48.721921247176766,
    "monitor_index": 0
}