{
    "calibration_date": "2025-11-04T23:53:09.249830Z",
    "camera_index": 0,
    "calibration_offsets": {
        "yaw": 0.7780431717502568,
        "pitch": -3.56033917766043
    },
    "monitor_plane": {
        "corners": [
            [
                1284.0918533938282,
                223.0847670599003,
                1212.4660176112784
            ],
            [
                -113.12056793932847,
                223.0847670599003,
                1178.0737146029621
            ],
            [
                -103.01850659397665,
                -613.3589542369341,
                767.6700964043781
            ],
            [
                1294.1939147391802,
                -613.3589542369341,
                802.0623994126944
            ]
        ],
        "center": [
            590.5366733999258,
            -195.1370935885169,
            990.0680570078283
        ],
        "normal": [
            -0.022090284512516566,
            -0.4405954436726362,
            0.8974339375937758
        ],
        "units_per_cm": 23.293927325224523
    },
    "left_sphere_local_offset": [
        -41.17665568075725,
        63.4687849651675,
        -113.57408087676407
    ],
    "right_sphere_local_offset": [
        -37.964547642781966,
        -67.4701373173027,
        -112.22946951332924
    ],
    "left_calibration_nose_scale": 42.39987219106487,
    "right_calibration_nose_scale": 42.39987219106487,
    "monitor_index": 1
}