{
    "calibration_date": "2025-11-05T01:32:18.255427Z",
    "camera_index": 0,
    "calibration_offsets": {
        "yaw": 0,
        "pitch": 0
    },
    "monitor_plane": {
        "corners": [
            [
                1320.2561766861684,
                253.0430449603088,
                1318.023847702642
            ],
            [
                -187.70001996440442,
                253.0430449603088,
                1259.1395557967035
            ],
            [
                -170.30022452472986,
                -648.8028922285034,
                813.5516323548736
            ],
            [
                1337.655972125843,
                -648.8028922285034,
                872.435924260812
            ]
        ],
        "center": [
            574.9779760807193,
            -197.87992363409728,
            1065.7877400287578
        ],
        "normal": [
            -0.0349771077776613,
            -0.44323693617816984,
            0.8957218420575099
        ],
        "units_per_cm": 25.151757453810955
    },
    "left_sphere_local_offset": [
        40.35352215416931,
        -68.61472700173252,
        -121.4848805374633
    ],
    "right_sphere_local_offset": [
        38.16900072485592,
        72.29640023978725,
        -120.45941059613968
    ],
    "left_calibration_nose_scale": 46.206937993034906,
    "right_calibration_nose_scale": 46.206937993034906,
    "monitor_index": 0
}