{
    "calibration_date": "2025-10-27T12:18:29.846894Z",
    "camera_index": 0,
    "calibration_offsets": {
        "yaw": 0,
        "pitch": 0
    },
    "monitor_plane": {
        "corners": [
            [
                1438.7750163656228,
                261.43255334831474,
                1410.6913851120573
            ],
            [
                -202.3520617948781,
                261.43255334831474,
                1396.438397970491
            ],
            [
                -197.99384653426486,
                -710.8188538277302,
                894.6218309867083
            ],
            [
                1443.133231626236,
                -710.8188538277302,
                908.8748181282747
            ]
        ],
        "center": [
            620.390584915679,
            -224.69315023970773,
            1152.6566080493828
        ],
        "normal": [
            -0.007717178637855407,
            -0.45866335382544887,
            0.888576598280341
        ],
        "units_per_cm": 27.35314949528026
    },
    "left_sphere_local_offset": [
        54.11010988895949,
        -71.07918394274284,
        -128.38671750819566
    ],
    "right_sphere_local_offset": [
        49.83038608233072,
        78.76052791746453,
        -125.90134031306768
    ],
    "left_calibration_nose_scale": 49.355490824174254,
    "right_calibration_nose_scale": 49.355490824174254,
    "monitor_index": 0
}