{
    "calibration_date": "2025-11-05T01:37:39.568804Z",
    "camera_index": 0,
    "calibration_offsets": {
        "yaw": 0,
        "pitch": 0
    },
    "monitor_plane": {
        "corners": [
            [
                1353.7006050256527,
                240.22218663199362,
                1360.327890678716
            ],
            [
                -218.02209773891167,
                240.22218663199362,
                1324.882662782702
            ],
            [
                -207.28618380871154,
                -693.4433173019812,
                848.827615019291
            ],
            [
                1364.436518955853,
                -693.4433173019812,
                884.2728429153049
            ]
        ],
        "center": [
            573.2072106084706,
            -226.6105653349938,
            1104.5777528490034
        ],
        "normal": [
            -0.020084807448126255,
            -0.4543311423032313,
            0.8906064291499431
        ],
        "units_per_cm": 26.202038823193472
    },
    "left_sphere_local_offset": [
        44.59103475987945,
        -69.95481808216248,
        -124.72735691346831
    ],
    "right_sphere_local_offset": [
        43.18815914838595,
        74.04729018152307,
        -122.99811021501715
    ],
    "left_calibration_nose_scale": 48.071704486525846,
    "right_calibration_nose_scale": 48.071704486525846,
    "monitor_index": 0
}