{
    "calibration_date": "2025-11-13T13:33:56.610184Z",
    "camera_index": 0,
    "calibration_offsets": {
        "yaw": 1.4843746946290823,
        "pitch": -0.8106106568528619
    },
    "monitor_plane": {
        "corners": [
            [
                1388.3374571686672,
                273.7402251288267,
                1343.5464729917474
            ],
            [
                -175.64899677983524,
                273.7402251288267,
                1323.033795911664
            ],
            [
                -169.1957253232508,
                -645.6007942036731,
                831.0049348153153
            ],
            [
                1394.7907286252516,
                -645.6007942036731,
                851.5176118953988
            ]
        ],
        "center": [
            609.5708659227082,
            -185.93028453742318,
            1087.2757039035314
        ],
        "normal": [
            -0.01156244192796649,
            -0.4718987744702566,
            0.8815769135986561
        ],
        "units_per_cm": 26.068682776151114
    },
    "left_sphere_local_offset": [
        46.7523978383164,
        -70.28926771418861,
        -126.62417630550664
    ],
    "right_sphere_local_offset": [
        42.95636262340798,
        79.4872394577318,
        -124.1887309899827
    ],
    "left_calibration_nose_scale": 48.048485091241844,
    "right_calibration_nose_scale": 48.048485091241844,
    "monitor_index": 0
}