{
    "calibration_date": "2025-11-05T01:29:33.032592Z",
    "camera_index": 0,
    "calibration_offsets": {
        "yaw": 0,
        "pitch": 0
    },
    "monitor_plane": {
        "corners": [
            [
                1280.8231811339913,
                305.5803407574634,
                1355.259712577867
            ],
            [
                -232.68677405276628,
                305.5803407574634,
                1242.8995190107348
            ],
            [
                -202.5039557203662,
                -620.4311802514487,
                836.3320811005543
            ],
            [
                1311.0059994663914,
                -620.4311802514487,
                948.6922746676865
            ]
        ],
        "center": [
            539.1596127068126,
            -157.4254197469927,
            1095.7958968392106
        ],
        "normal": [
            -0.06775831633726993,
            -0.40293831842031796,
            0.912715465035925
        ],
        "units_per_cm": 25.29458219083957
    },
    "left_sphere_local_offset": [
        47.00608797366229,
        -65.54001246969594,
        -119.96593358787305
    ],
    "right_sphere_local_offset": [
        41.088985330570054,
        74.40154242931617,
        -117.47017308240211
    ],
    "left_calibration_nose_scale": 45.416238813572356,
    "right_calibration_nose_scale": 45.416238813572356,
    "monitor_index": 0
}