{
    "calibration_date": "2025-10-27T12:01:51.307787Z",
    "camera_index": 0,
    "calibration_offsets": {
        "yaw": -0.1352112007975336,
        "pitch": -1.5605435028506134
    },
    "monitor_plane": {
        "corners": [
            [
                1423.8033963965086,
                273.97184526196065,
                1549.9566465555085
            ],
            [
                -342.33383623644767,
                273.97184526196065,
                1464.391079932739
            ],
            [
                -314.75058013299446,
                -757.8592666022896,
                895.0520627982986
            ],
            [
                1451.3866524999617,
                -757.8592666022896,
                980.617629421068
            ]
        ],
        "center": [
            554.5264081317571,
            -241.94371067016448,
            1222.5043546769036
        ],
        "normal": [
            -0.042357647924182194,
            -0.48354596068074257,
            0.8742935042488129
        ],
        "units_per_cm": 29.470145866862808
    },
    "left_sphere_local_offset": [
        -53.94585963128896,
        74.08627174621554,
        -134.00405894959252
    ],
    "right_sphere_local_offset": [
        -48.69027426104634,
        -86.15203547829897,
        -130.3682757584924
    ],
    "left_calibration_nose_scale": 52.43104759420201,
    "right_calibration_nose_scale": 52.43104759420201,
    "monitor_index": 0
}