{
    "calibration_date": "2025-11-05T03:47:34.111652Z",
    "camera_index": 0,
    "calibration_offsets": {
        "yaw": 0.0,
        "pitch": 0.0
    },
    "monitor_plane": {
        "corners": [
            [
                1423.7038666238823,
                186.06374836467802,
                1446.3859589734118
            ],
            [
                -262.1481658530355,
                186.06374836467802,
                1407.1506713342253
            ],
            [
                -248.40115973922536,
                -770.3613916707061,
                816.4727486804184
            ],
            [
                1437.4508727376924,
                -770.3613916707061,
                855.7080363196048
            ]
        ],
        "center": [
            587.6513534423284,
            -292.148821653014,
            1131.429353826915
        ],
        "normal": [
            -0.019794521377170773,
            -0.5255602900052673,
            0.8505260469221549
        ],
        "units_per_cm": 28.105142289511956
    },
    "left_sphere_local_offset": [
        -53.92663420087904,
        71.74505613250416,
        -133.46994074197198
    ],
    "right_sphere_local_offset": [
        -47.265228799133105,
        -86.91502333563513,
        -128.7159090171565
    ],
    "left_calibration_nose_scale": 51.502298440515204,
    "right_calibration_nose_scale": 51.502298440515204,
    "monitor_index": 0
}