{
    "calibration_date": "2025-11-19T13:16:52.584221Z",
    "camera_index": 0,
    "calibration_offsets": {
        "yaw": -0.2013938895490306,
        "pitch": -3.3829987941370967
    },
    "ear_thresholds": {
        "left": 0.24453794962047853,
        "right": 0.127925992152231
    },
    "monitor_plane": {
        "corners": [
            [
                1516.1455126826334,
                108.57271503503677,
                1563.077519371503
            ],
            [
                -324.3015348995299,
                108.57271503503677,
                1525.8729561273203
            ],
            [
                -310.31522115657197,
                -904.918715760037,
                833.9935846147538
            ],
            [
                1530.1318264255913,
                -904.918715760037,
                871.1981478589365
            ]
        ],
        "center": [
            602.9151457630306,
            -398.17300036250015,
            1198.5355519931284
        ],
        "normal": [
            -0.016691042426862975,
            -0.5638950914639018,
            0.8256777415709003
        ],
        "units_per_cm": 30.680384225865705
    },
    "left_sphere_local_offset": [
        -61.487056914022105,
        82.00357094402177,
        -144.58697172038637
    ],
    "right_sphere_local_offset": [
        -57.74982639236822,
        -91.65676629038174,
        -142.07725529633086
    ],
    "left_calibration_nose_scale": 55.550270411281126,
    "right_calibration_nose_scale": 55.550270411281126,
    "monitor_index": 0
}