{
    "calibration_date": "2025-11-16T20:05:27.324451Z",
    "camera_index": 0,
    "calibration_offsets": {
        "yaw": -2.2235308287794355,
        "pitch": -2.4234991910578088
    },
    "monitor_plane": {
        "corners": [
            [
                1569.8215352334435,
                126.24226398400259,
                1548.5524228205581
            ],
            [
                -302.00249164744235,
                126.24226398400259,
                1558.5019772972605
            ],
            [
                -305.9534369374299,
                -876.1294746221629,
                815.204944248409
            ],
            [
                1565.870589943456,
                -876.1294746221629,
                805.2553897717066
            ]
        ],
        "center": [
            631.9340491480068,
            -374.9436053190801,
            1181.8786835344836
        ],
        "normal": [
            0.004269543087770819,
            -0.595646563163284,
            0.8032352960332293
        ],
        "units_per_cm": 31.19750782982684
    },
    "left_sphere_local_offset": [
        62.29157914503891,
        -86.40015557731924,
        -152.11698854470612
    ],
    "right_sphere_local_offset": [
        59.684940231454135,
        96.61827063645251,
        -148.71635067598973
    ],
    "left_calibration_nose_scale": 58.89338203292239,
    "right_calibration_nose_scale": 58.89338203292239,
    "monitor_index": 1
}