{
    "calibration_date": "2025-11-19T12:16:33.123676Z",
    "camera_index": 0,
    "calibration_offsets": {
        "yaw": 1.8539935377730894,
        "pitch": 1.3327402322439292
    },
    "ear_thresholds": {
        "left": 0.24807229244089485,
        "right": 0.14338413742140194
    },
    "monitor_plane": {
        "corners": [
            [
                1433.398677174939,
                163.14807638973247,
                1511.827744975014
            ],
            [
                -325.66987486254783,
                163.14807638973247,
                1445.1917396267972
            ],
            [
                -300.87548215411294,
                -810.6116416136786,
                790.6651627055304
            ],
            [
                1458.1930698833737,
                -810.6116416136786,
                857.3011680537471
            ]
        ],
        "center": [
            566.261597510413,
            -323.731782611973,
            1151.2464538402721
        ],
        "normal": [
            -0.03140969522157962,
            -0.5581305306508522,
            0.8291584527709318
        ],
        "units_per_cm": 29.338837210842303
    },
    "left_sphere_local_offset": [
        60.452228483070435,
        -75.27188885415714,
        -139.38422691067396
    ],
    "right_sphere_local_offset": [
        55.5389590780054,
        87.28278940204972,
        -136.16358432122564
    ],
    "left_calibration_nose_scale": 53.01637944440452,
    "right_calibration_nose_scale": 53.01637944440452,
    "monitor_index": 0
}