{
    "calibration_date": "2025-11-19T13:29:38.877641Z",
    "camera_index": 0,
    "calibration_offsets": {
        "yaw": -0.7935003457517229,
        "pitch": -5.395530172163944
    },
    "ear_thresholds": {
        "left": 0.2554084979938142,
        "right": 0.12
    },
    "monitor_plane": {
        "corners": [
            [
                1391.0264963527545,
                297.3733723482129,
                1496.9241621413942
            ],
            [
                -309.70332186165433,
                297.3733723482129,
                1420.6469567572665
            ],
            [
                -288.4900518819577,
                -734.1147507199781,
                947.6610809033225
            ],
            [
                1412.2397663324512,
                -734.1147507199781,
                1023.9382862874502
            ]
        ],
        "center": [
            551.2682222353984,
            -218.3706891858826,
            1222.2926215223583
        ],
        "normal": [
            -0.040719919210453606,
            -0.4171613888773032,
            0.907919744145623
        ],
        "units_per_cm": 28.37399105710489
    },
    "left_sphere_local_offset": [
        49.00407263529726,
        -76.83535818901953,
        -130.29986905045521
    ],
    "right_sphere_local_offset": [
        43.86142591799394,
        81.85805199245584,
        -128.80061736408496
    ],
    "left_calibration_nose_scale": 50.52833523104566,
    "right_calibration_nose_scale": 50.52833523104566,
    "monitor_index": 0
}