{
    "calibration_date": "2025-11-05T03:25:42.484812Z",
    "camera_index": 0,
    "calibration_offsets": {
        "yaw": 0,
        "pitch": 0
    },
    "monitor_plane": {
        "corners": [
            [
                1426.387566876338,
                262.0262780070036,
                1537.4935254147263
            ],
            [
                -333.3692692651216,
                262.0262780070036,
                1465.8184045014823
            ],
            [
                -310.9811069175614,
                -775.2657478776396,
                916.1475949126001
            ],
            [
                1448.775729223898,
                -775.2657478776396,
                987.822715825844
            ]
        ],
        "center": [
            557.7032299793883,
            -256.619734935318,
            1226.8205601636632
        ],
        "normal": [
            -0.0359530333190903,
            -0.46853417280456,
            0.8827134904993257
        ],
        "units_per_cm": 29.353598328122636
    },
    "left_sphere_local_offset": [
        -51.20135487518138,
        78.87941693053335,
        -137.72064668091966
    ],
    "right_sphere_local_offset": [
        -46.80653589739181,
        -87.74114451973414,
        -134.57706266786712
    ],
    "left_calibration_nose_scale": 53.55714128923496,
    "right_calibration_nose_scale": 53.55714128923496,
    "monitor_index": 0
}