{
    "calibration_date": "2025-11-05T02:02:04.232165Z",
    "camera_index": 0,
    "calibration_offsets": {
        "yaw": 0,
        "pitch": 0
    },
    "monitor_plane": {
        "corners": [
            [
                1415.3765713203468,
                254.4217342476099,
                1441.5651237686343
            ],
            [
                -247.6610243536837,
                254.4217342476099,
                1385.151818346014
            ],
            [
                -228.47732483718133,
                -699.739497946033,
                819.6254184824693
            ],
            [
                1434.560270836849,
                -699.739497946033,
                876.0387239050897
            ]
        ],
        "center": [
            593.4496232415827,
            -222.65888184921153,
            1130.5952711255518
        ],
        "normal": [
            -0.02916023277875366,
            -0.5100844389528528,
            0.8596298877787127
        ],
        "units_per_cm": 27.733235705258874
    },
    "left_sphere_local_offset": [
        57.21391815541687,
        -70.05596880533805,
        -131.1609337365707
    ],
    "right_sphere_local_offset": [
        53.87064925092478,
        85.53172403357289,
        -127.22247457604914
    ],
    "left_calibration_nose_scale": 50.71743515950983,
    "right_calibration_nose_scale": 50.71743515950983,
    "monitor_index": 0
}