{
    "calibration_date": "2025-11-05T02:02:58.545986Z",
    "camera_index": 0,
    "calibration_offsets": {
        "yaw": 0,
        "pitch": 0
    },
    "monitor_plane": {
        "corners": [
            [
                1339.1526920715016,
                252.91959120219207,
                1481.5101286318104
            ],
            [
                -325.9871765759135,
                252.91959120219207,
                1368.3013728984097
            ],
            [
                -291.9340558007643,
                -740.0404968463988,
                867.428373392092
            ],
            [
                1373.2058128466508,
                -740.0404968463988,
                980.6371291254927
            ]
        ],
        "center": [
            523.6093181353687,
            -243.56045282210334,
            1174.4692510119512
        ],
        "normal": [
            -0.06053392206455584,
            -0.45119903297874986,
            0.8903679435595844
        ],
        "units_per_cm": 27.816397065500365
    },
    "left_sphere_local_offset": [
        -51.24211865406583,
        71.78730236040106,
        -129.78949317613007
    ],
    "right_sphere_local_offset": [
        -46.21284589578886,
        -83.7689752662917,
        -127.2202572245261
    ],
    "left_calibration_nose_scale": 50.30857513456904,
    "right_calibration_nose_scale": 50.30857513456904,
    "monitor_index": 0
}