{
    "calibration_date": "2025-11-05T02:41:58.291942Z",
    "camera_index": 0,
    "calibration_offsets": {
        "yaw": 0,
        "pitch": 0
    },
    "monitor_plane": {
        "corners": [
            [
                1390.8124216522951,
                282.41478316049404,
                1375.520545556486
            ],
            [
                -201.6781965892701,
                282.41478316049404,
                1336.5282538491902
            ],
            [
                -189.1040497128131,
                -647.0550871453355,
                822.9854468896665
            ],
            [
                1403.3865685287524,
                -647.0550871453355,
                861.9777385969624
            ]
        ],
        "center": [
            600.8541859697411,
            -182.32015199242073,
            1099.2529962230763
        ],
        "normal": [
            -0.021423542259533374,
            -0.4837166391092749,
            0.8749624236993733
        ],
        "units_per_cm": 26.54946519656903
    },
    "left_sphere_local_offset": [
        50.3380971857253,
        -70.84299563994419,
        -128.58369396119247
    ],
    "right_sphere_local_offset": [
        42.417249408203276,
        80.6495909337955,
        -124.08200172748933
    ],
    "left_calibration_nose_scale": 49.19693349132966,
    "right_calibration_nose_scale": 49.19693349132966,
    "monitor_index": 0
}