{
    "calibration_date": "2025-11-05T02:48:09.355937Z",
    "camera_index": 0,
    "calibration_offsets": {
        "yaw": 0,
        "pitch": 0
    },
    "monitor_plane": {
        "corners": [
            [
                1349.652816526959,
                304.01374314390387,
                1404.121403273728
            ],
            [
                -256.6516564967201,
                304.01374314390387,
                1335.6383625933863
            ],
            [
                -234.914683750063,
                -638.5492186893041,
                825.7866357121671
            ],
            [
                1371.389789273616,
                -638.5492186893041,
                894.2696763925088
            ]
        ],
        "center": [
            557.369066388448,
            -167.26773777270012,
            1114.9540194929475
        ],
        "normal": [
            -0.0374576258467402,
            -0.4761099793972075,
            0.8785876232820016
        ],
        "units_per_cm": 26.79606100262263
    },
    "left_sphere_local_offset": [
        49.97538337220704,
        -70.65196351600054,
        -127.90984230588208
    ],
    "right_sphere_local_offset": [
        44.25366654333778,
        80.25076074886748,
        -123.99413446768128
    ],
    "left_calibration_nose_scale": 48.99368957250477,
    "right_calibration_nose_scale": 48.99368957250477,
    "monitor_index": 0
}