{
    "calibration_date": "2025-11-19T12:43:52.753021Z",
    "camera_index": 0,
    "calibration_offsets": {
        "yaw": 0.6289249285937134,
        "pitch": 1.604959515310851
    },
    "ear_thresholds": {
        "left": 0.24690135949097114,
        "right": 0.12
    },
    "monitor_plane": {
        "corners": [
            [
                -20.637815653360132,
                1268.799657152295,
                -875.7866179248107
            ],
            [
                1289.852911917905,
                1268.799657152295,
                -842.8185002135668
            ],
            [
                1299.1003668291758,
                475.9826409255918,
                -1210.4070905297299
            ],
            [
                -11.390360742089559,
                475.9826409255918,
                -1243.3752082409737
            ]
        ],
        "center": [
            639.2312755879077,
            872.3911490389434,
            -1043.0968542272703
        ],
        "normal": [
            0.02281474925430757,
            0.4207453538757075,
            -0.906891852653043
        ],
        "units_per_cm": 21.848422545648177
    },
    "left_sphere_local_offset": [
        36.370829173008545,
        64.39330957434274,
        107.62207934469882
    ],
    "right_sphere_local_offset": [
        31.231509965323934,
        -66.0207426093947,
        106.53606495031718
    ],
    "left_calibration_nose_scale": 38.99092616536831,
    "right_calibration_nose_scale": 38.99092616536831,
    "monitor_index": 0
}