{
    "calibration_date": "2025-11-19T10:46:27.004621Z",
    "camera_index": 0,
    "calibration_offsets": {
        "yaw": -1.8338714582208768,
        "pitch": 5.849823969808322
    },
    "monitor_plane": {
        "corners": [
            [
                844.8458483602906,
                151.6508186257086,
                976.0061734830917
            ],
            [
                -288.51058906695886,
                151.6508186257086,
                940.6296389234942
            ],
            [
                -276.0696638903101,
                -490.5573920162471,
                542.0602818048096
            ],
            [
                857.2867735369393,
                -490.5573920162471,
                577.4368163644072
            ]
        ],
        "center": [
            284.3880922349902,
            -169.45328669526924,
            759.0332276439507
        ],
        "normal": [
            -0.026504916278430258,
            -0.5275075124973146,
            0.8491368038614089
        ],
        "units_per_cm": 18.898473729218484
    },
    "left_sphere_local_offset": [
        -33.59872041642302,
        51.5106082282383,
        -96.05837644295434
    ],
    "right_sphere_local_offset": [
        -29.27590194965773,
        -56.07457230059195,
        -94.30609555198413
    ],
    "left_calibration_nose_scale": 34.76896884571748,
    "right_calibration_nose_scale": 34.76896884571748,
    "monitor_index": 1
}