{
    "calibration_date": "2025-10-11T18:11:49.470052Z",
    "camera_index": 0,
    "calibration_offsets": {
        "yaw": -3.124706930530205,
        "pitch": 1.878918392396656
    },
    "monitor_plane": {
        "corners": [
            