{
    "calibration_date": "2025-11-19T12:56:38.390470Z",
    "camera_index": 0,
    "calibration_offsets": {
        "yaw": 1.3377666767057492,
        "pitch": 0.7559200908842545
    },
    "ear_thresholds": {
        "left": 0.2587494770864477,
        "right": 0.14390974732735679
    },
    "monitor_plane": {
        "corners": [
            [
                1448.6788064635539,
                185.06862219639248,
                1519.4003722134385
            ],
            [
                -309.29142615312907,
                185.06862219639248,
                1465.3819319337058
            ],
            [
                -290.9703437735316,
                -824.3853860153208,
                869.1426239147651
            ],
            [
                1466.9998888431514,
                -824.3853860153208,
                923.1610641944977
            ]
        ],
        "center": [
            578.8542313450112,
            -319.6583819094642,
            1194.2714980641017
        ],
        "normal": [
            -0.026441551663990915,
            -0.5087452247713449,
            0.8605109753036008
        ],
        "units_per_cm": 29.31333281528975
    },
    "left_sphere_local_offset": [
        56.73851472377367,
        -76.06338523153214,
        -139.44423908697058
    ],
    "right_sphere_local_offset": [
        50.779384285209964,
        87.12581283146469,
        -135.6568949162527
    ],
    "left_calibration_nose_scale": 52.682480862595696,
    "right_calibration_nose_scale": 52.682480862595696,
    "monitor_index": 0
}