{
    "calibration_date": "2025-11-19T13:18:32.608663Z",
    "camera_index": 0,
    "calibration_offsets": {
        "yaw": 1.0234546925842474,
        "pitch": -3.3927736883000157
    },
    "ear_thresholds": {
        "left": 0.25917004348145684,
        "right": 0.1270116321133896
    },
    "monitor_plane": {
        "corners": [
            [
                1332.1746848883438,
                298.66984313333893,
                1373.882362961488
            ],
            [
                -231.1206249218567,
                298.66984313333893,
                1307.3525473241211
            ],
            [
                -212.2806384806138,
                -645.6855525771775,
                864.6568603103633
            ],
            [
                1351.0146713295865,
                -645.6855525771775,
                931.1866759477302
            ]
        ],
        "center": [
            559.947023203865,
            -173.50785472191933,
            1119.2696116359257
        ],
        "normal": [
            -0.038492413342382216,
            -0.4247716510690135,
            0.9044818276577941
        ],
        "units_per_cm": 26.078505634423244
    },
    "left_sphere_local_offset": [
        -46.721319941625715,
        69.77450169472564,
        -121.59962798931218
    ],
    "right_sphere_local_offset": [
        -43.27633474147395,
        -75.62533791741183,
        -120.07024431218345
    ],
    "left_calibration_nose_scale": 46.61085960538867,
    "right_calibration_nose_scale": 46.61085960538867,
    "monitor_index": 0
}