{
    "calibration_date": "2025-11-04T23:41:30.557572Z",
    "camera_index": 0,
    "calibration_offsets": {
        "yaw": -1.7395717902548378,
        "pitch": -0.5529091194601564
    },
    "monitor_plane": {
        "corners": [
            [
                1295.2715751360618,
                210.15177169688252,
                1253.5540634425527
            ],
            [
                -128.5140696952267,
                210.15177169688252,
                1184.6592035149954
            ],
            [
                -108.41284822887039,
                -644.3070551607287,
                769.2460566203455
            ],
            [
                1315.3727966024182,
                -644.3070551607287,
                838.1409165479027
            ]
        ],
        "center": [
            593.4293634535958,
            -217.0776417319231,
            1011.4000600314491
        ],
        "normal": [
            -0.04345745726642285,
            -0.4376499524214699,
            0.8980946311794888
        ],
        "units_per_cm": 23.757525498697866
    },
    "left_sphere_local_offset": [
        -45.736246341584945,
        63.98162128511643,
        -115.22050960796544
    ],
    "right_sphere_local_offset": [
        -41.64320706687225,
        -68.40034232881689,
        -113.50025018474777
    ],
    "left_calibration_nose_scale": 43.08928094089366,
    "right_calibration_nose_scale": 43.08928094089366,
    "monitor_index": 1
}