{
    "calibration_date": "2025-11-19T13:08:32.716628Z",
    "camera_index": 0,
    "calibration_offsets": {
        "yaw": -0.21265421805042092,
        "pitch": -2.1314556418382415
    },
    "ear_thresholds": {
        "left": 0.24382590479841681,
        "right": 0.13790835474619348
    },
    "monitor_plane": {
        "corners": [
            [
                1416.7507223383116,
                194.35407268410756,
                1472.795716608102
            ],
            [
                -286.11398086193816,
                194.35407268410756,
                1424.635005487635
            ],
            [
                -270.20679962062474,
                -792.1598980483246,
                862.1894594597654
            ],
            [
                1432.657903579625,
                -792.1598980483246,
                910.3501705802325
            ]
        ],
        "center": [
            573.2719613588434,
            -298.90291268210854,
            1167.4925880339338
        ],
        "normal": [
            -0.024557257110456733,
            -0.49544060465430684,
            0.8682946195750527
        ],
        "units_per_cm": 28.39242686345342
    },
    "left_sphere_local_offset": [
        -53.71445305765574,
        75.84357489514444,
        -134.09927387129252
    ],
    "right_sphere_local_offset": [
        -51.416308037297654,
        -83.10187807880477,
        -132.00593916235977
    ],
    "left_calibration_nose_scale": 51.356987743660405,
    "right_calibration_nose_scale": 51.356987743660405,
    "monitor_index": 0
}