{
    "calibration_date": "2025-11-19T12:35:27.018973Z",
    "camera_index": 0,
    "calibration_offsets": {
        "yaw": 0.030702027272203912,
        "pitch": 2.5037820869363703
    },
    "ear_thresholds": {
        "left": 0.23166746273918595,
        "right": 0.12
    },
    "monitor_plane": {
        "corners": [
            [
                1315.6131191019358,
                278.195826853342,
                1443.110048904824
            ],
            [
                -327.6542971071787,
                278.195826853342,
                1330.283509823828
            ],
            [
                -288.489800342185,
                -659.2999719497625,
                759.8703611944934
            ],
            [
                1354.7776158669294,
                -659.2999719497625,
                872.6969002754895
            ]
        ],
        "center": [
            513.5616593798754,
            -190.55207254821028,
            1101.4902050496587
        ],
        "normal": [
            -0.05848073690461731,
            -0.5206819740040127,
            0.8517454334238475
        ],
        "units_per_cm": 27.452269836845563
    },
    "left_sphere_local_offset": [
        42.63278065547391,
        -83.0583458402556,
        -135.41327933505977
    ],
    "right_sphere_local_offset": [
        36.66627009005916,
        82.88762870686887,
        -133.77346257088374
    ],
    "left_calibration_nose_scale": 50.232595996569735,
    "right_calibration_nose_scale": 50.232595996569735,
    "monitor_index": 0
}