{
    "calibration_date": "2025-11-05T01:27:34.559800Z",
    "camera_index": 0,
    "calibration_offsets": {
        "yaw": 0,
        "pitch": 0
    },
    "monitor_plane": {
        "corners": [
            [
                1298.0433775209985,
                263.42233153672646,
                1364.3506923603868
            ],
            [
                -232.90864021372656,
                263.42233153672646,
                1257.3031402366287
            ],
            [
                -201.32179968619133,
                -654.0301354714893,
                805.5605615404975
            ],
            [
                1329.6302180485336,
                -654.0301354714893,
                912.6081136642556
            ]
        ],
        "center": [
            548.3607889174035,
            -195.30390196738142,
            1084.9556269504421
        ],
        "normal": [
            -0.06254754536998162,
            -0.4426094740507524,
            0.8945304109132939
        ],
        "units_per_cm": 25.578165922363073
    },
    "left_sphere_local_offset": [
        -48.28841823450778,
        66.22379947482999,
        -121.452553467748
    ],
    "right_sphere_local_offset": [
        -44.40335429954219,
        -73.6016452687638,
        -119.13968389787841
    ],
    "left_calibration_nose_scale": 46.214556463362825,
    "right_calibration_nose_scale": 46.214556463362825,
    "monitor_index": 0
}