{
    "calibration_date": "2025-11-13T12:54:51.170570Z",
    "camera_index": 0,
    "calibration_offsets": {
        "yaw": 1.2982428864966975,
        "pitch": -5.635888075770447
    },
    "monitor_plane": {
        "corners": [
            [
                1409.3564474971959,
                222.82864196647893,
                1467.0586582258723
            ],
            [
                -290.53894603029056,
                222.82864196647893,
                1416.9212100545903
            ],
            [
                -273.5340833385308,
                -753.2402444847769,
                840.3763556268557
            ],
            [
                1426.3613101889555,
                -753.2402444847769,
                890.5138037981376
            ]
        ],
        "center": [
            567.9111820793325,
            -265.205801259149,
            1153.717506926364
        ],
        "normal": [
            -0.025381186600659914,
            -0.5087473523779871,
            0.860541646182874
        ],
        "units_per_cm": 28.343910342689007
    },
    "left_sphere_local_offset": [
        -59.14673778902541,
        72.89812717646032,
        -138.4597392272018
    ],
    "right_sphere_local_offset": [
        -52.26663119769211,
        -87.14025588329267,
        -134.68658079317788
    ],
    "left_calibration_nose_scale": 52.89498805543758,
    "right_calibration_nose_scale": 52.89498805543758,
    "monitor_index": 0
}