{
    "calibration_date": "2025-11-05T02:35:07.494263Z",
    "camera_index": 0,
    "calibration_offsets": {
        "yaw": 0,
        "pitch": 0
    },
    "monitor_plane": {
        "corners": [
            [
                1432.8702025042717,
                224.83701592973296,
                1436.507159049128
            ],
            [
                -244.34262368192788,
                224.83701592973296,
                1419.4243034406927
            ],
            [
                -238.73608187684601,
                -748.4756308544007,
                868.9681009431876
            ],
            [
                1438.4767443093533,
                -748.4756308544007,
                886.0509565516228
            ]
        ],
        "center": [
            597.0670603137128,
            -261.8193074623339,
            1152.7376299961577
        ],
        "normal": [
            -0.008865080713388675,
            -0.492295485718391,
            0.8703829979297841
        ],
        "units_per_cm": 27.954997010501344
    },
    "left_sphere_local_offset": [
        -53.53009945651807,
        74.25204744215571,
        -132.08754676418167
    ],
    "right_sphere_local_offset": [
        -48.161398307988165,
        -84.66222660166873,
        -127.88658019716908
    ],
    "left_calibration_nose_scale": 51.09283218292301,
    "right_calibration_nose_scale": 51.09283218292301,
    "monitor_index": 0
}