{
    "calibration_date": "2025-11-05T02:37:11.479144Z",
    "camera_index": 0,
    "calibration_offsets": {
        "yaw": 0,
        "pitch": 0
    },
    "monitor_plane": {
        "corners": [
            [
                1383.8150614201325,
                246.20104421650848,
                1448.6015477023504
            ],
            [
                -286.78420304084534,
                246.20104421650848,
                1400.977619575255
            ],
            [
                -271.60220977786093,
                -732.3431051915531,
                868.4086405841451
            ],
            [
                1398.997054683117,
                -732.3431051915531,
                916.0325687112406
            ]
        ],
        "center": [
            556.1064258211358,
            -243.0710304875223,
            1158.5050941432478
        ],
        "normal": [
            -0.025026466619952954,
            -0.4781837779304017,
            0.8779031543927432
        ],
        "units_per_cm": 27.854632274613454
    },
    "left_sphere_local_offset": [
        50.84256006859931,
        -75.36613767263438,
        -131.0391537646993
    ],
    "right_sphere_local_offset": [
        48.172780161814245,
        83.35880062677361,
        -127.86143514979958
    ],
    "left_calibration_nose_scale": 51.15339740657241,
    "right_calibration_nose_scale": 51.15339740657241,
    "monitor_index": 0
}